gsis_id,player_name,recent_team,opponent_team,position,model,predicted_receiving_yards,predicted_rushing_yards,predicted_fantasy_points_ppr
00-0030035,Adam Thielen,MIN,TB,WR,wr_te_receiving_yards,17.39250622156189,,
00-0030061,Zach Ertz,PHI,CHI,TE,wr_te_receiving_yards,32.855172912187506,,
00-0030279,Keenan Allen,IND,HOU,WR,wr_te_receiving_yards,36.50251251206543,,
00-0030506,Travis Kelce,KC,MIA,TE,wr_te_receiving_yards,64.02810809343413,,
00-0031235,Odell Beckham Jr.,NYG,TEN,WR,wr_te_receiving_yards,33.39916335952398,,
00-0031381,Davante Adams,LA,DEN,WR,wr_te_receiving_yards,64.450090601071,,
00-0031408,Mike Evans,SF,ARI,WR,wr_te_receiving_yards,58.348966487192165,,
00-0031484,Chris Manhertz,NYG,TEN,TE,wr_te_receiving_yards,17.19295507057665,,
00-0031588,Stefon Diggs,WAS,SEA,WR,wr_te_receiving_yards,66.43624300729758,,
00-0031610,Darren Waller,CAR,CLE,TE,wr_te_receiving_yards,29.552123214674694,,
00-0032385,Sterling Shepard,NYJ,DET,WR,wr_te_receiving_yards,30.947300550275187,,
00-0032392,Austin Hooper,ATL,GB,TE,wr_te_receiving_yards,30.277817628576468,,
00-0032394,Nick Vannett,BAL,DAL,TE,wr_te_receiving_yards,22.976726535033727,,
00-0032398,Chris Moore,BAL,DAL,WR,wr_te_receiving_yards,30.191782529175693,,
00-0032464,Kalif Raymond,CHI,PHI,WR,wr_te_receiving_yards,42.73686751645237,,
00-0032775,Demarcus Robinson,SF,ARI,WR,wr_te_receiving_yards,34.53751121149238,,
00-0032951,Laquon Treadwell,IND,HOU,WR,wr_te_receiving_yards,36.392202269624796,,
00-0033090,Hunter Henry,NE,JAX,TE,wr_te_receiving_yards,46.41427477768605,,
00-0033110,Tyler Higbee,LA,DEN,TE,wr_te_receiving_yards,24.532242085833467,,
00-0033217,Mo Alie-Cox,IND,HOU,TE,wr_te_receiving_yards,17.39250622156189,,
00-0033246,Johnny Mundt,PHI,CHI,TE,wr_te_receiving_yards,21.48646900617013,,
00-0033288,George Kittle,SF,ARI,TE,wr_te_receiving_yards,51.27060701791894,,
00-0033307,Kendrick Bourne,ARI,SF,WR,wr_te_receiving_yards,32.923749095027446,,
00-0033375,Tim Patrick,NYJ,DET,WR,wr_te_receiving_yards,18.3594587395754,,
00-0033439,Pharaoh Brown,IND,HOU,TE,wr_te_receiving_yards,17.39250622156189,,
00-0033555,Mack Hollins,NE,JAX,WR,wr_te_receiving_yards,34.60907460741058,,
00-0033576,Eric Saubert,SEA,WAS,TE,wr_te_receiving_yards,25.146850709498267,,
00-0033589,David Moore,CAR,CLE,WR,wr_te_receiving_yards,17.68695355496632,,
00-0033757,Robert Tonyan,PIT,CIN,TE,wr_te_receiving_yards,17.39250622156189,,
00-0033858,Jonnu Smith,GB,ATL,TE,wr_te_receiving_yards,25.417295140479197,,
00-0033881,Evan Engram,DEN,LA,TE,wr_te_receiving_yards,35.484763279108144,,
00-0033885,David Njoku,LAC,BUF,TE,wr_te_receiving_yards,38.75226787125259,,
00-0033908,Cooper Kupp,SEA,WAS,WR,wr_te_receiving_yards,35.23754921846818,,
00-0033921,Chris Godwin Jr.,TB,MIN,WR,wr_te_receiving_yards,39.99119511194793,,
00-0034270,Tyler Conklin,DET,NYJ,TE,wr_te_receiving_yards,21.464492914528638,,
00-0034272,Marquez Valdes-Scantling,LAC,BUF,WR,wr_te_receiving_yards,21.78521006319888,,
00-0034348,Courtland Sutton,DEN,LA,WR,wr_te_receiving_yards,40.710586423507735,,
00-0034351,Dallas Goedert,PHI,CHI,TE,wr_te_receiving_yards,40.56952531936303,,
00-0034365,Ian Thomas,LV,NO,TE,wr_te_receiving_yards,22.9491057869549,,
00-0034383,Dalton Schultz,HOU,IND,TE,wr_te_receiving_yards,52.81386681059496,,
00-0034419,Braxton Berrios,NYG,TEN,WR,wr_te_receiving_yards,17.48740240398108,,
00-0034487,Trent Sherfield,BUF,LAC,WR,wr_te_receiving_yards,18.649257783632017,,
00-0034613,Tanner Hudson,CIN,PIT,TE,wr_te_receiving_yards,21.883075975098695,,
00-0034753,Mark Andrews,BAL,DAL,TE,wr_te_receiving_yards,55.70334099741401,,
00-0034775,Christian Kirk,SF,ARI,WR,wr_te_receiving_yards,30.52886864930794,,
00-0034798,Durham Smythe,BAL,DAL,TE,wr_te_receiving_yards,26.95006815905993,,
00-0034827,DJ Moore,BUF,LAC,WR,wr_te_receiving_yards,45.46397617074922,,
00-0034829,Mike Gesicki,CIN,PIT,TE,wr_te_receiving_yards,55.96761310812146,,
00-0034837,Calvin Ridley,TEN,NYG,WR,wr_te_receiving_yards,39.26797361590069,,
00-0034854,KhaDarel Hodge,SF,ARI,WR,wr_te_receiving_yards,23.130988383036797,,
00-0034960,Jakobi Meyers,JAX,NE,WR,wr_te_receiving_yards,26.229655537408952,,
00-0034981,Foster Moreau,HOU,IND,TE,wr_te_receiving_yards,23.406073165674066,,
00-0035021,Ashton Dulin,IND,HOU,WR,wr_te_receiving_yards,20.84905204372764,,
00-0035039,Stephen Carlson,CHI,PHI,TE,wr_te_receiving_yards,17.19295507057665,,
00-0035045,D.J. Montgomery,IND,HOU,WR,wr_te_receiving_yards,17.39250622156189,,
00-0035208,Olamide Zaccheaus,ATL,GB,WR,wr_te_receiving_yards,23.410590002557,,
00-0035229,T.J. Hockenson,MIN,TB,TE,wr_te_receiving_yards,45.058594176265956,,
00-0035249,Josh Oliver,MIN,TB,TE,wr_te_receiving_yards,30.775467783433793,,
00-0035298,Scott Miller,CHI,PHI,WR,wr_te_receiving_yards,17.48740240398108,,
00-0035345,Chris Myarick,LV,NO,TE,wr_te_receiving_yards,17.480813663762603,,
00-0035359,David Sills,TB,MIN,WR,wr_te_receiving_yards,17.39250622156189,,
00-0035406,Lil'Jordan Humphrey,DEN,LA,WR,wr_te_receiving_yards,22.59429605696153,,
00-0035500,Greg Dortch,BUF,LAC,WR,wr_te_receiving_yards,18.649257783632017,,
00-0035535,Darius Slayton,IND,HOU,WR,wr_te_receiving_yards,19.29496526638303,,
00-0035544,Tom Kennedy,DET,NYJ,WR,wr_te_receiving_yards,18.30332977721302,,
00-0035589,Gary Jennings,LAC,BUF,WR,wr_te_receiving_yards,22.976726535033727,,
00-0035602,Alex Bachman,LA,DEN,WR,wr_te_receiving_yards,18.103726303424722,,
00-0035631,Drew Sample,CIN,PIT,TE,wr_te_receiving_yards,30.726833641157256,,
00-0035639,Parris Campbell,DAL,BAL,WR,wr_te_receiving_yards,29.68274296696807,,
00-0035640,DK Metcalf,PIT,CIN,WR,wr_te_receiving_yards,56.84397593586358,,
00-0035644,Noah Fant,NO,LV,TE,wr_te_receiving_yards,35.77328466769206,,
00-0035645,Gunner Olszewski,NYG,TEN,WR,wr_te_receiving_yards,17.19295507057665,,
00-0035659,Terry McLaurin,WAS,SEA,WR,wr_te_receiving_yards,41.806484541658946,,
00-0035662,Marquise Brown,PHI,CHI,WR,wr_te_receiving_yards,35.34230910485542,,
00-0035676,A.J. Brown,NE,JAX,WR,wr_te_receiving_yards,34.10301890034168,,
00-0035689,Dawson Knox,BUF,LAC,TE,wr_te_receiving_yards,31.149342796742708,,
00-0035719,Deebo Samuel Sr.,SF,ARI,WR,wr_te_receiving_yards,45.180293182628,,
00-0035891,Cody White,LV,NO,WR,wr_te_receiving_yards,26.50022599998465,,
00-0036040,Juwan Johnson,NO,LV,TE,wr_te_receiving_yards,41.26886938945933,,
00-0036165,Isaiah Hodgins,PIT,CIN,WR,wr_te_receiving_yards,17.68695355496632,,
00-0036182,Nick Westbrook-Ikhine,IND,HOU,WR,wr_te_receiving_yards,17.39250622156189,,
00-0036244,Colby Parkinson,LA,DEN,TE,wr_te_receiving_yards,26.62629513555453,,
00-0036252,Michael Pittman,PIT,CIN,WR,wr_te_receiving_yards,42.04101262470396,,
00-0036259,Jauan Jennings,MIN,TB,WR,wr_te_receiving_yards,25.121918692150988,,
00-0036290,Cole Kmet,CHI,PHI,TE,wr_te_receiving_yards,33.09511127265628,,
00-0036309,Darnell Mooney,NYG,TEN,WR,wr_te_receiving_yards,28.54426047144841,,
00-0036322,Justin Jefferson,MIN,TB,WR,wr_te_receiving_yards,54.093764639406054,,
00-0036331,Devin Duvernay,ARI,SF,WR,wr_te_receiving_yards,22.04788846108022,,
00-0036332,Josiah Deguara,PHI,CHI,TE,wr_te_receiving_yards,20.28693058723264,,
00-0036345,K.J. Osborn,TEN,NYG,WR,wr_te_receiving_yards,18.640606991047587,,
00-0036358,CeeDee Lamb,DAL,BAL,WR,wr_te_receiving_yards,74.98819360027875,,
00-0036387,Jalen Reagor,MIA,KC,WR,wr_te_receiving_yards,34.32597061933558,,
00-0036407,Jerry Jeudy,CLE,CAR,WR,wr_te_receiving_yards,35.34402722485363,,
00-0036410,Tee Higgins,CIN,PIT,WR,wr_te_receiving_yards,53.949385144834004,,
00-0036415,Van Jefferson,WAS,SEA,WR,wr_te_receiving_yards,26.53813989481678,,
00-0036422,Adam Trautman,DEN,LA,TE,wr_te_receiving_yards,25.36090583693318,,
00-0036427,Tyler Johnson,NYJ,DET,WR,wr_te_receiving_yards,22.353538172523745,,
00-0036429,Charlie Woerner,ATL,GB,TE,wr_te_receiving_yards,26.561135005679244,,
00-0036463,Chris Blair,ATL,GB,WR,wr_te_receiving_yards,22.934489394317662,,
00-0036497,Tim Jones,JAX,NE,WR,wr_te_receiving_yards,18.103726303424722,,
00-0036550,Rashod Bateman,BAL,DAL,WR,wr_te_receiving_yards,61.66075570058706,,
00-0036554,Nico Collins,HOU,IND,WR,wr_te_receiving_yards,69.09779114373268,,
00-0036556,Brevin Jordan,HOU,IND,TE,wr_te_receiving_yards,20.48648173821788,,
00-0036590,Quintin Morris,JAX,NE,TE,wr_te_receiving_yards,22.352693106159546,,
00-0036613,Jaylen Waddle,DEN,LA,WR,wr_te_receiving_yards,52.84933154466082,,
00-0036626,Dyami Brown,WAS,SEA,WR,wr_te_receiving_yards,29.778568080756727,,
00-0036628,John Bates,WAS,SEA,TE,wr_te_receiving_yards,24.834354492786805,,
00-0036630,Tylan Wallace,CLE,CAR,WR,wr_te_receiving_yards,20.48648173821788,,
00-0036635,Ihmir Smith-Marsette,CAR,CLE,WR,wr_te_receiving_yards,20.48648173821788,,
00-0036637,Noah Gray,KC,MIA,TE,wr_te_receiving_yards,28.56698706949139,,
00-0036646,Simi Fehoko,ARI,SF,WR,wr_te_receiving_yards,20.173610342195825,,
00-0036741,Jack Stoll,SF,ARI,TE,wr_te_receiving_yards,18.271151297374686,,
00-0036754,Brock Wright,DET,NYJ,TE,wr_te_receiving_yards,22.82495726195071,,
00-0036775,Brandon Smith,PIT,CIN,WR,wr_te_receiving_yards,17.39250622156189,,
00-0036825,Feleipe Franks,CAR,CLE,TE,wr_te_receiving_yards,17.39250622156189,,
00-0036841,Austin Trammell,JAX,NE,WR,wr_te_receiving_yards,18.103726303424722,,
00-0036849,Tutu Atwell,LA,DEN,WR,wr_te_receiving_yards,31.49186670901872,,
00-0036862,Ben Skowronek,PIT,CIN,WR,wr_te_receiving_yards,25.2374481546522,,
00-0036876,Kylen Granson,TEN,NYG,TE,wr_te_receiving_yards,19.832123462882436,,
00-0036887,Luke Farrell,SF,ARI,TE,wr_te_receiving_yards,27.45303297347596,,
00-0036894,Pat Freiermuth,PIT,CIN,TE,wr_te_receiving_yards,37.68625791754764,,
00-0036900,Ja'Marr Chase,CIN,PIT,WR,wr_te_receiving_yards,71.80875216078162,,
00-0036912,DeVonta Smith,PHI,CHI,WR,wr_te_receiving_yards,65.48652211732328,,
00-0036959,Michael Bandy,DEN,LA,WR,wr_te_receiving_yards,18.103726303424722,,
00-0036963,Amon-Ra St. Brown,DET,NYJ,WR,wr_te_receiving_yards,76.67383638933138,,
00-0036970,Kyle Pitts,ATL,GB,TE,wr_te_receiving_yards,35.23495977437022,,
00-0036980,Elijah Moore,PHI,CHI,WR,wr_te_receiving_yards,33.39916335952398,,
00-0036988,Josh Palmer,BUF,LAC,WR,wr_te_receiving_yards,35.18329043195538,,
00-0037004,Hunter Long,ARI,SF,TE,wr_te_receiving_yards,25.353443925648307,,
00-0037005,Tommy Tremble,CAR,CLE,TE,wr_te_receiving_yards,28.56393109931995,,
00-0037031,Nikola Kalinic,CHI,PHI,TE,wr_te_receiving_yards,17.19295507057665,,
00-0037078,Cole Turner,MIA,KC,TE,wr_te_receiving_yards,21.31287415325633,,
00-0037086,Grant Calcaterra,PHI,CHI,TE,wr_te_receiving_yards,19.09541411539779,,
00-0037091,Bo Melton,GB,ATL,WR,wr_te_receiving_yards,27.14680071310053,,
00-0037093,Dareke Young,LV,NO,WR,wr_te_receiving_yards,25.44260002461352,,
00-0037112,Jake Tonges,SF,ARI,TE,wr_te_receiving_yards,18.271151297374686,,
00-0037132,Britain Covey,PHI,CHI,WR,wr_te_receiving_yards,17.19295507057665,,
00-0037156,Irvin Charles,SEA,WAS,WR,wr_te_receiving_yards,17.19295507057665,,
00-0037231,Kevin Austin Jr.,NO,LV,WR,wr_te_receiving_yards,21.29855303004238,,
00-0037238,Drake London,ATL,GB,WR,wr_te_receiving_yards,40.58805971414463,,
00-0037239,Chris Olave,NO,LV,WR,wr_te_receiving_yards,61.31309372901229,,
00-0037240,Jameson Williams,DET,NYJ,WR,wr_te_receiving_yards,62.27488569860469,,
00-0037247,George Pickens,DAL,BAL,WR,wr_te_receiving_yards,48.55564089198532,,
00-0037252,Greg Dulcich,MIA,KC,TE,wr_te_receiving_yards,30.180885696611643,,
00-0037261,Khalil Shakir,BUF,LAC,WR,wr_te_receiving_yards,44.95158783231292,,
00-0037277,Teagan Quitoriano,ARI,SF,TE,wr_te_receiving_yards,20.972638430783046,,
00-0037282,James Mitchell,DAL,BAL,TE,wr_te_receiving_yards,21.78521006319888,,
00-0037291,Jalen Nailor,LV,NO,WR,wr_te_receiving_yards,31.63034905462556,,
00-0037292,Andrew Ogletree,IND,HOU,TE,wr_te_receiving_yards,25.208990655154597,,
00-0037311,Ko Kieft,TB,MIN,TE,wr_te_receiving_yards,17.68695355496632,,
00-0037317,Nick Muse,ATL,GB,TE,wr_te_receiving_yards,17.68695355496632,,
00-0037340,Zaire Mitchell-Paden,HOU,IND,TE,wr_te_receiving_yards,17.39250622156189,,
00-0037348,Tanner Conner,NE,JAX,TE,wr_te_receiving_yards,18.103726303424722,,
00-0037380,Kaden Davis,CHI,PHI,WR,wr_te_receiving_yards,17.19295507057665,,
00-0037382,Brandon Johnson,PIT,CIN,WR,wr_te_receiving_yards,17.39250622156189,,
00-0037475,Stone Smartt,NO,LV,TE,wr_te_receiving_yards,17.480813663762603,,
00-0037487,Deven Thompkins,LV,NO,WR,wr_te_receiving_yards,17.480813663762603,,
00-0037524,Tay Martin,DET,NYJ,WR,wr_te_receiving_yards,18.30332977721302,,
00-0037539,Lucas Krull,DEN,LA,TE,wr_te_receiving_yards,18.103726303424722,,
00-0037545,Rashid Shaheed,SEA,WAS,WR,wr_te_receiving_yards,29.643480728580883,,
00-0037614,John Metchie III,CAR,CLE,WR,wr_te_receiving_yards,29.08024411596932,,
00-0037664,Alec Pierce,IND,HOU,WR,wr_te_receiving_yards,43.035689899641945,,
00-0037666,Jalen Tolbert,MIA,KC,WR,wr_te_receiving_yards,24.73121180734814,,
00-0037740,Garrett Wilson,NYJ,DET,WR,wr_te_receiving_yards,69.41721467538194,,
00-0037741,Jahan Dotson,ATL,GB,WR,wr_te_receiving_yards,33.58357380831596,,
00-0037742,Treylon Burks,WAS,SEA,WR,wr_te_receiving_yards,35.239958496546976,,
00-0037744,Trey McBride,ARI,SF,TE,wr_te_receiving_yards,62.663034654404775,,
00-0037755,Jelani Woods,NYJ,DET,TE,wr_te_receiving_yards,26.651013882811124,,
00-0037801,KaVontae Turpin,DAL,BAL,WR,wr_te_receiving_yards,22.92268911942043,,
00-0037805,Jeremy Ruckert,NYJ,DET,TE,wr_te_receiving_yards,25.388030869138323,,
00-0037809,Chig Okonkwo,WAS,SEA,TE,wr_te_receiving_yards,24.442679913077512,,
00-0037816,Romeo Doubs,NE,JAX,WR,wr_te_receiving_yards,31.313383699509423,,
00-0037837,Calvin Austin III,NYG,TEN,WR,wr_te_receiving_yards,20.28693058723264,,
00-0037838,Isaiah Likely,NYG,TEN,TE,wr_te_receiving_yards,70.81146039535273,,
00-0038041,Jake Ferguson,DAL,BAL,TE,wr_te_receiving_yards,33.167576494283175,,
00-0038046,Charlie Kolar,LAC,BUF,TE,wr_te_receiving_yards,30.573397929658,,
00-0038090,Skyy Moore,GB,ATL,WR,wr_te_receiving_yards,32.66360776600126,,
00-0038104,Tyquan Thornton,KC,MIA,WR,wr_te_receiving_yards,34.26972776249966,,
00-0038115,Daniel Bellinger,TEN,NYG,TE,wr_te_receiving_yards,21.960118314099265,,
00-0038117,Wan'Dale Robinson,TEN,NYG,WR,wr_te_receiving_yards,32.9313975537524,,
00-0038124,Christian Watson,GB,ATL,WR,wr_te_receiving_yards,67.2065290579496,,
00-0038129,Cade Otton,TB,MIN,TE,wr_te_receiving_yards,49.72392059807535,,
00-0038145,Thomas Odukoya,KC,MIA,TE,wr_te_receiving_yards,18.66481554365443,,
00-0038181,Lucky Jackson,DET,NYJ,WR,wr_te_receiving_yards,18.30332977721302,,
00-0038359,Xavier Smith,LA,DEN,WR,wr_te_receiving_yards,22.2331025128475,,
00-0038393,Dontayvion Wicks,PHI,CHI,WR,wr_te_receiving_yards,55.528544500627525,,
00-0038394,Will Mallory,IND,HOU,TE,wr_te_receiving_yards,20.48648173821788,,
00-0038496,Xavier Gipson,PHI,CHI,WR,wr_te_receiving_yards,17.19295507057665,,
00-0038498,E.J. Jenkins,PHI,CHI,TE,wr_te_receiving_yards,17.19295507057665,,
00-0038519,Nikko Remigio,KC,MIA,WR,wr_te_receiving_yards,18.66481554365443,,
00-0038543,Jaxon Smith-Njigba,SEA,WAS,WR,wr_te_receiving_yards,55.34467379614396,,
00-0038544,Quentin Johnston,LAC,BUF,WR,wr_te_receiving_yards,47.0115930913384,,
00-0038547,Luke Schoonmaker,DAL,BAL,TE,wr_te_receiving_yards,32.90103581044492,,
00-0038558,Darnell Washington,PIT,CIN,TE,wr_te_receiving_yards,23.128723159517545,,
00-0038559,Michael Wilson,ARI,SF,WR,wr_te_receiving_yards,62.104794067487894,,
00-0038563,Tre Tucker,LV,NO,WR,wr_te_receiving_yards,55.03624726510344,,
00-0038564,Cameron Latu,NE,JAX,TE,wr_te_receiving_yards,21.767681277606535,,
00-0038573,Derius Davis,LAC,BUF,WR,wr_te_receiving_yards,24.636717343696446,,
00-0038576,Charlie Jones,NYG,TEN,WR,wr_te_receiving_yards,20.28693058723264,,
00-0038589,Josh Whyle,GB,ATL,TE,wr_te_receiving_yards,20.48648173821788,,
00-0038590,Justin Shorter,LV,NO,WR,wr_te_receiving_yards,20.904913639185125,,
00-0038606,Parker Washington,JAX,NE,WR,wr_te_receiving_yards,64.72099260953999,,
00-0038608,Kayshon Boutte,HOU,IND,WR,wr_te_receiving_yards,26.763123330808263,,
00-0038618,Xavier Hutchinson,HOU,IND,WR,wr_te_receiving_yards,34.67413725928908,,
00-0038619,Andrei Iosivas,CIN,PIT,WR,wr_te_receiving_yards,24.983784289768895,,
00-0038621,DeMario Douglas,NE,JAX,WR,wr_te_receiving_yards,37.723443114591134,,
00-0038640,Jalen Brooks,ARI,SF,WR,wr_te_receiving_yards,18.271151297374686,,
00-0038643,Brayden Willis,SF,ARI,TE,wr_te_receiving_yards,18.271151297374686,,
00-0038647,Ronnie Bell,LV,NO,WR,wr_te_receiving_yards,17.480813663762603,,
00-0038679,Tyrell Shavers,BUF,LAC,WR,wr_te_receiving_yards,18.649257783632017,,
00-0038710,Blake Whiteheart,CLE,CAR,TE,wr_te_receiving_yards,23.453123523936018,,
00-0038720,Julian Hill,NE,JAX,TE,wr_te_receiving_yards,18.103726303424722,,
00-0038728,Jared Wayne,HOU,IND,WR,wr_te_receiving_yards,21.77559606250396,,
00-0038735,Princeton Fant,DAL,BAL,TE,wr_te_receiving_yards,18.705386745994396,,
00-0038740,Jalen Moreno-Cropper,NO,LV,WR,wr_te_receiving_yards,17.480813663762603,,
00-0038752,Jake Bobo,SEA,WAS,WR,wr_te_receiving_yards,17.19295507057665,,
00-0038783,Nate Adkins,DEN,LA,TE,wr_te_receiving_yards,25.056910195893753,,
00-0038824,Ryan Miller,MIA,KC,WR,wr_te_receiving_yards,23.315524069501077,,
00-0038839,Mitchell Tinsley,HOU,IND,WR,wr_te_receiving_yards,17.39250622156189,,
00-0038840,Brycen Tremayne,CAR,CLE,WR,wr_te_receiving_yards,17.39250622156189,,
00-0038891,Shedrick Jackson,BAL,DAL,WR,wr_te_receiving_yards,18.705386745994396,,
00-0038933,Dalton Kincaid,BUF,LAC,TE,wr_te_receiving_yards,77.2442354505165,,
00-0038935,Brenton Strange,JAX,NE,TE,wr_te_receiving_yards,31.01511550059316,,
00-0038938,Jalin Hyatt,NYG,TEN,WR,wr_te_receiving_yards,24.58440629752002,,
00-0038953,Dylan Drummond,ATL,GB,WR,wr_te_receiving_yards,17.39250622156189,,
00-0038976,Marvin Mims Jr.,DEN,LA,WR,wr_te_receiving_yards,28.47369770954088,,
00-0038977,Tank Dell,HOU,IND,WR,wr_te_receiving_yards,27.192498170152223,,
00-0038979,Cedric Tillman,NO,LV,WR,wr_te_receiving_yards,25.202389349472504,,
00-0038994,Jordan Addison,MIN,TB,WR,wr_te_receiving_yards,52.97007603821544,,
00-0038996,Tucker Kraft,GB,ATL,TE,wr_te_receiving_yards,41.074619489294456,,
00-0038997,Josh Downs,IND,HOU,WR,wr_te_receiving_yards,59.79061669248328,,
00-0039023,Joel Wilson,TEN,NYG,TE,wr_te_receiving_yards,17.19295507057665,,
00-0039041,Elijah Higgins,ARI,SF,TE,wr_te_receiving_yards,20.173610342195825,,
00-0039050,Payne Durham,TB,MIN,TE,wr_te_receiving_yards,19.29496526638303,,
00-0039052,Trey Palmer,NO,LV,WR,wr_te_receiving_yards,19.713397167350276,,
00-0039062,Jonathan Mingo,DAL,BAL,WR,wr_te_receiving_yards,34.27288863141092,,
00-0039064,Zay Flowers,BAL,DAL,WR,wr_te_receiving_yards,66.79186306627379,,
00-0039065,Sam LaPorta,DET,NYJ,TE,wr_te_receiving_yards,67.75766225103959,,
00-0039066,Michael Mayer,LV,NO,TE,wr_te_receiving_yards,42.93551981502492,,
00-0039067,Rashee Rice,KC,MIA,WR,wr_te_receiving_yards,37.34309742730062,,
00-0039074,Davis Allen,LA,DEN,TE,wr_te_receiving_yards,27.658248063413488,,
00-0039075,Puka Nacua,LA,DEN,WR,wr_te_receiving_yards,51.66473733161521,,
00-0039144,Luke Musgrave,GB,ATL,TE,wr_te_receiving_yards,29.08024411596932,,
00-0039146,Jayden Reed,GB,ATL,WR,wr_te_receiving_yards,32.28250470734605,,
00-0039236,Johnny Wilson,PHI,CHI,WR,wr_te_receiving_yards,19.09541411539779,,
00-0039275,Messiah Swinson,CLE,CAR,TE,wr_te_receiving_yards,17.39250622156189,,
00-0039305,Jack Westover,WAS,SEA,TE,wr_te_receiving_yards,17.19295507057665,,
00-0039329,Julian Hicks,SEA,WAS,WR,wr_te_receiving_yards,17.19295507057665,,
00-0039337,Malik Nabers,NYG,TEN,WR,wr_te_receiving_yards,47.7126349479529,,
00-0039338,Brock Bowers,LV,NO,TE,wr_te_receiving_yards,33.91801010526437,,
00-0039342,Xavier Legette,CAR,CLE,WR,wr_te_receiving_yards,34.293326626689314,,
00-0039355,Luke McCaffrey,WAS,SEA,WR,wr_te_receiving_yards,19.832123462882436,,
00-0039356,Ja'Tavion Sanders,CAR,CLE,TE,wr_te_receiving_yards,20.48648173821788,,
00-0039359,Cade Stover,HOU,IND,TE,wr_te_receiving_yards,22.540573630754828,,
00-0039365,Jacob Cowing,SF,ARI,WR,wr_te_receiving_yards,21.9351062715565,,
00-0039386,Bub Means,CLE,CAR,WR,wr_te_receiving_yards,19.524013897444426,,
00-0039394,Casey Washington,CAR,CLE,WR,wr_te_receiving_yards,19.29496526638303,,
00-0039410,Ryan Flournoy,DAL,BAL,WR,wr_te_receiving_yards,41.49477936468265,,
00-0039424,Devaughn Vele,NO,LV,WR,wr_te_receiving_yards,63.7976960434418,,
00-0039451,Isaiah Williams,NYJ,DET,WR,wr_te_receiving_yards,26.82037558150743,,
00-0039458,Brenden Bates,JAX,NE,TE,wr_te_receiving_yards,18.103726303424722,,
00-0039489,Hayden Rucci,LAC,BUF,TE,wr_te_receiving_yards,18.705386745994396,,
00-0039491,Jalen Coker,CAR,CLE,WR,wr_te_receiving_yards,55.41021495884327,,
00-0039518,Treyton Welch,NO,LV,TE,wr_te_receiving_yards,17.480813663762603,,
00-0039530,Brevyn Spann-Ford,DAL,BAL,TE,wr_te_receiving_yards,23.421385937771277,,
00-0039550,Shawn Bowman,ARI,SF,TE,wr_te_receiving_yards,18.271151297374686,,
00-0039589,Kameron Johnson,TB,MIN,WR,wr_te_receiving_yards,17.39250622156189,,
00-0039623,Mason Tipton,NO,LV,WR,wr_te_receiving_yards,17.480813663762603,,
00-0039626,Cole Burgess,PIT,CIN,WR,wr_te_receiving_yards,17.39250622156189,,
00-0039631,Cam Grandy,MIN,TB,TE,wr_te_receiving_yards,17.39250622156189,,
00-0039648,David Martin-Robinson,TEN,NYG,TE,wr_te_receiving_yards,17.19295507057665,,
00-0039650,Bryce Oliver,HOU,IND,WR,wr_te_receiving_yards,17.39250622156189,,
00-0039686,Colson Yankoff,WAS,SEA,TE,wr_te_receiving_yards,21.97614257878682,,
00-0039710,Jeshaun Jones,MIN,TB,WR,wr_te_receiving_yards,17.39250622156189,,
00-0039737,Tip Reiman,ARI,SF,TE,wr_te_receiving_yards,25.353443925648307,,
00-0039739,Roman Wilson,PIT,CIN,WR,wr_te_receiving_yards,37.38729177384605,,
00-0039751,Jordan Whittington,LA,DEN,WR,wr_te_receiving_yards,26.24311556991946,,
00-0039792,Devontez Walker,BAL,DAL,WR,wr_te_receiving_yards,28.235693292399702,,
00-0039793,AJ Barner,SEA,WAS,TE,wr_te_receiving_yards,25.897341499564433,,
00-0039814,Erick All,CIN,PIT,TE,wr_te_receiving_yards,23.87114258686724,,
00-0039816,Anthony Gould,IND,HOU,WR,wr_te_receiving_yards,20.48648173821788,,
00-0039824,Jared Wiley,KC,MIA,TE,wr_te_receiving_yards,22.328770517836244,,
00-0039843,Qadir Ismail,CHI,PHI,TE,wr_te_receiving_yards,17.19295507057665,,
00-0039847,Theo Johnson,NYG,TEN,TE,wr_te_receiving_yards,22.986692783483107,,
00-0039849,Marvin Harrison Jr.,ARI,SF,WR,wr_te_receiving_yards,38.31157011248699,,
00-0039855,Jalen McMillan,TB,MIN,WR,wr_te_receiving_yards,20.5992639277416,,
00-0039868,Troy Franklin,DEN,LA,WR,wr_te_receiving_yards,25.603257301133155,,
00-0039880,Malik Washington,MIA,KC,WR,wr_te_receiving_yards,60.24485041500251,,
00-0039890,Adonai Mitchell,NYJ,DET,WR,wr_te_receiving_yards,53.2337918901399,,
00-0039893,Brian Thomas Jr.,JAX,NE,WR,wr_te_receiving_yards,44.070584393312096,,
00-0039894,Xavier Worthy,KC,MIA,WR,wr_te_receiving_yards,48.97166539421152,,
00-0039901,Keon Coleman,BUF,LAC,WR,wr_te_receiving_yards,43.45537899608323,,
00-0039907,Ja'Lynn Polk,NO,LV,WR,wr_te_receiving_yards,29.498676016936567,,
00-0039912,Ben Sinnott,WAS,SEA,TE,wr_te_receiving_yards,29.735831701382796,,
00-0039915,Ladd McConkey,LAC,BUF,WR,wr_te_receiving_yards,50.597525901773224,,
00-0039916,Ricky Pearsall,SF,ARI,WR,wr_te_receiving_yards,34.78077774368579,,
00-0039919,Rome Odunze,CHI,PHI,WR,wr_te_receiving_yards,41.34408470965621,,
00-0039920,Malachi Corley,CLE,CAR,WR,wr_te_receiving_yards,27.192498170152223,,
00-0039936,Thomas Yassmin,GB,ATL,TE,wr_te_receiving_yards,17.39250622156189,,
00-0040009,Savion Williams,GB,ATL,WR,wr_te_receiving_yards,23.904819392309687,,
00-0040024,Darius Cooper,PHI,CHI,WR,wr_te_receiving_yards,23.508216970248533,,
00-0040049,Josh Kelly,HOU,IND,WR,wr_te_receiving_yards,17.39250622156189,,
00-0040058,Nick Kallerup,SEA,WAS,TE,wr_te_receiving_yards,17.19295507057665,,
00-0040075,LaJohntay Wester,BAL,DAL,WR,wr_te_receiving_yards,28.701701084397786,,
00-0040081,Jake Briningstool,KC,MIA,TE,wr_te_receiving_yards,22.988563460116392,,
00-0040094,Tre Watson,MIA,KC,TE,wr_te_receiving_yards,18.103726303424722,,
00-0040099,Xavier Guillory,BAL,DAL,WR,wr_te_receiving_yards,18.705386745994396,,
00-0040120,Jimmy Holiday,KC,MIA,WR,wr_te_receiving_yards,18.66481554365443,,
00-0040124,Tetairoa McMillan,CAR,CLE,WR,wr_te_receiving_yards,55.139481107240286,,
00-0040126,Colston Loveland,CHI,PHI,TE,wr_te_receiving_yards,40.03997997404128,,
00-0040128,Tyler Warren,IND,HOU,TE,wr_te_receiving_yards,60.32598133777833,,
00-0040129,Emeka Egbuka,TB,MIN,WR,wr_te_receiving_yards,57.95790048958649,,
00-0040130,Jayden Higgins,HOU,IND,WR,wr_te_receiving_yards,33.49957820429713,,
00-0040131,Kyle Williams,NE,JAX,WR,wr_te_receiving_yards,31.326220409435972,,
00-0040134,Pat Bryant,DEN,LA,WR,wr_te_receiving_yards,34.356358660643195,,
00-0040138,Jaylin Noel,HOU,IND,WR,wr_te_receiving_yards,29.29301147403231,,
00-0040154,Tai Felton,MIN,TB,WR,wr_te_receiving_yards,20.48648173821788,,
00-0040164,Jaylin Lane,WAS,SEA,WR,wr_te_receiving_yards,22.513358108044237,,
00-0040170,Elic Ayomanor,TEN,NYG,WR,wr_te_receiving_yards,34.75778491132519,,
00-0040172,Jordan Watkins,SF,ARI,WR,wr_te_receiving_yards,21.9351062715565,,
00-0040184,KeAndre Lambert-Smith,LAC,BUF,WR,wr_te_receiving_yards,22.976726535033727,,
00-0040187,Mitchell Evans,CAR,CLE,TE,wr_te_receiving_yards,26.84428888318508,,
00-0040189,Oronde Gadsden II,LAC,BUF,TE,wr_te_receiving_yards,32.281464567991016,,
00-0040194,Jackson Hawes,BUF,LAC,TE,wr_te_receiving_yards,20.89616480520377,,
00-0040215,Gavin Bartholomew,MIN,TB,TE,wr_te_receiving_yards,18.652207110824317,,
00-0040218,Jimmy Horn Jr.,CLE,CAR,WR,wr_te_receiving_yards,25.531895488056627,,
00-0040225,Thomas Fidone II,NYG,TEN,TE,wr_te_receiving_yards,17.48740240398108,,
00-0040237,Tez Johnson,TB,MIN,WR,wr_te_receiving_yards,29.461219249872865,,
00-0040240,Caleb Lohner,DEN,LA,TE,wr_te_receiving_yards,18.39817363682915,,
00-0040241,Dominic Lovett,DET,NYJ,WR,wr_te_receiving_yards,18.30332977721302,,
00-0040244,Moliki Matavao,NO,LV,TE,wr_te_receiving_yards,17.480813663762603,,
00-0040259,Gage Larvadain,BAL,DAL,WR,wr_te_receiving_yards,18.705386745994396,,
00-0040265,Ja'Seem Reed,CAR,CLE,WR,wr_te_receiving_yards,17.39250622156189,,
00-0040275,JP Richardson,CHI,PHI,WR,wr_te_receiving_yards,17.19295507057665,,
00-0040277,Jahdae Walker,CHI,PHI,WR,wr_te_receiving_yards,23.080159212732823,,
00-0040298,Andrew Armstrong,KC,MIA,WR,wr_te_receiving_yards,18.66481554365443,,
00-0040311,Theo Wease Jr.,LAC,BUF,WR,wr_te_receiving_yards,18.705386745994396,,
00-0040323,Chandler Brayboy,NE,JAX,WR,wr_te_receiving_yards,18.103726303424722,,
00-0040331,Patrick Herbert,LAC,BUF,TE,wr_te_receiving_yards,18.705386745994396,,
00-0040361,Stephen Gosnell,BUF,LAC,WR,wr_te_receiving_yards,18.649257783632017,,
00-0040363,Keleki Latu,BUF,LAC,TE,wr_te_receiving_yards,18.649257783632017,,
00-0040375,Jordan Moore,CIN,PIT,WR,wr_te_receiving_yards,17.39250622156189,,
00-0040390,Jackson Meeks,DET,NYJ,TE,wr_te_receiving_yards,18.30332977721302,,
00-0040405,Jamaal Pritchett,NYJ,DET,WR,wr_te_receiving_yards,18.3594587395754,,
00-0040419,Garrett Greene,TB,MIN,WR,wr_te_receiving_yards,17.39250622156189,,
00-0040431,Dalen Cambre,NYG,TEN,WR,wr_te_receiving_yards,17.19295507057665,,
00-0040432,Beaux Collins,ATL,GB,WR,wr_te_receiving_yards,17.39250622156189,,
00-0040438,Antwane Wells Jr.,ATL,GB,WR,wr_te_receiving_yards,17.39250622156189,,
00-0040488,Carter Runyon,LV,NO,TE,wr_te_receiving_yards,17.480813663762603,,
00-0040506,Myles Price,MIN,TB,WR,wr_te_receiving_yards,21.521882430984665,,
00-0040509,Ben Yurosek,MIN,TB,TE,wr_te_receiving_yards,17.39250622156189,,
00-0040522,Xavier Restrepo,TEN,NYG,WR,wr_te_receiving_yards,17.19295507057665,,
00-0040534,Ke'Shawn Williams,CIN,PIT,WR,wr_te_receiving_yards,17.39250622156189,,
00-0040553,Quincy Skinner Jr.,GB,ATL,WR,wr_te_receiving_yards,17.39250622156189,,
00-0040558,Isaiah Neyor,GB,ATL,WR,wr_te_receiving_yards,17.39250622156189,,
00-0040563,Efton Chism III,NE,JAX,WR,wr_te_receiving_yards,21.47066920090009,,
00-0040566,CJ Dippre,TB,MIN,TE,wr_te_receiving_yards,17.39250622156189,,
00-0040570,Jeremiah Webb,NE,JAX,WR,wr_te_receiving_yards,18.103726303424722,,
00-0040581,Dont'e Thornton Jr.,LV,NO,WR,wr_te_receiving_yards,20.904913639185125,,
00-0040582,Arian Smith,NYJ,DET,WR,wr_te_receiving_yards,24.00008509267598,,
00-0040584,Gunnar Helm,TEN,NYG,TE,wr_te_receiving_yards,33.369631938287675,,
00-0040590,Konata Mumpfield,LA,DEN,WR,wr_te_receiving_yards,26.827834617459754,,
00-0040597,Brennan Presley,LA,DEN,WR,wr_te_receiving_yards,18.103726303424722,,
00-0040598,Mark Redman,GB,ATL,TE,wr_te_receiving_yards,17.39250622156189,,
00-0040618,Max Hurleman,PIT,CIN,WR,wr_te_receiving_yards,17.39250622156189,,
00-0040621,Montorie Foster Jr,SEA,WAS,WR,wr_te_receiving_yards,17.19295507057665,,
00-0040628,Drake Dabney,GB,ATL,TE,wr_te_receiving_yards,17.39250622156189,,
00-0040633,Kyrese Rowan,NO,LV,WR,wr_te_receiving_yards,17.480813663762603,,
00-0040646,Jalen Royals,KC,MIA,WR,wr_te_receiving_yards,25.36169112744011,,
00-0040648,Tory Horton,SEA,WAS,WR,wr_te_receiving_yards,19.324462746459186,,
00-0040653,Ricky White III,SEA,WAS,WR,wr_te_receiving_yards,17.48740240398108,,
00-0040663,Harold Fannin Jr.,CLE,CAR,TE,wr_te_receiving_yards,42.30075892210069,,
00-0040667,Matthew Golden,GB,ATL,WR,wr_te_receiving_yards,56.26066981034345,,
00-0040669,Isaac TeSlaa,DET,NYJ,WR,wr_te_receiving_yards,34.72117248492954,,
00-0040697,Thomas Gordon,DET,NYJ,TE,wr_te_receiving_yards,18.30332977721302,,
00-0040705,Chimere Dike,TEN,NYG,WR,wr_te_receiving_yards,20.26419755576942,,
00-0040718,Travis Hunter,JAX,NE,WR,wr_te_receiving_yards,35.26728575094864,,
00-0040727,Tre Harris,LAC,BUF,WR,wr_te_receiving_yards,43.73016818080302,,
00-0040729,Jack Bech,LV,NO,WR,wr_te_receiving_yards,32.04975195690166,,
00-0040735,Luther Burden III,CHI,PHI,WR,wr_te_receiving_yards,39.13626984072857,,
00-0040736,Mason Taylor,NYJ,DET,TE,wr_te_receiving_yards,32.89399740337167,,
00-0040737,Terrance Ferguson,LA,DEN,TE,wr_te_receiving_yards,39.637607062204395,,
00-0040739,Elijah Arroyo,SEA,WAS,TE,wr_te_receiving_yards,30.95386274611712,,
00-0040753,Will Sheppard,MIA,KC,WR,wr_te_receiving_yards,18.103726303424722,,
00-0040782,Isaiah Bond,CLE,CAR,WR,wr_te_receiving_yards,22.077447682137883,,
00-0040785,Dohnte Meyers,CIN,PIT,WR,wr_te_receiving_yards,22.30228736024511,,
00-0040853,Carson Towt,IND,HOU,TE,wr_te_receiving_yards,17.39250622156189,,
00-0040867,Makai Lemon,PHI,CHI,WR,wr_te_receiving_yards,37.643855536099984,,
00-0040870,Ja'Kobi Lane,BAL,DAL,WR,wr_te_receiving_yards,30.090457371940236,,
00-0040876,Elijah Sarratt,BAL,DAL,WR,wr_te_receiving_yards,22.976726535033727,,
00-0040879,Matthew Hibner,BAL,DAL,TE,wr_te_receiving_yards,26.386856119949464,,
00-0040887,Josh Cuevas,BAL,DAL,TE,wr_te_receiving_yards,21.78521006319888,,
00-0040890,Cyrus Allen,KC,MIA,WR,wr_te_receiving_yards,27.5498841842159,,
00-0040894,Malik Benson,LV,NO,WR,wr_te_receiving_yards,25.911357784329702,,
00-0040895,Emmanuel Henderson Jr.,SEA,WAS,WR,wr_te_receiving_yards,19.09541411539779,,
00-0040900,Anthony Smith,DAL,BAL,WR,wr_te_receiving_yards,19.60721889425634,,
00-0040901,Jaren Kanak,TEN,NYG,TE,wr_te_receiving_yards,17.48740240398108,,
00-0040919,Tyren Montgomery,TEN,NYG,WR,wr_te_receiving_yards,17.19295507057665,,
00-0040930,Camden Brown,DAL,BAL,WR,wr_te_receiving_yards,18.705386745994396,,
00-0040934,Jordan Hudson,DAL,BAL,WR,wr_te_receiving_yards,18.705386745994396,,
00-0040938,DJ Rogers,DAL,BAL,TE,wr_te_receiving_yards,18.705386745994396,,
00-0040939,Michael Trigg,DAL,BAL,TE,wr_te_receiving_yards,18.705386745994396,,
00-0040948,J. Michael Sturdivant,GB,ATL,WR,wr_te_receiving_yards,17.39250622156189,,
00-0040953,Jeff Caldwell,KC,MIA,WR,wr_te_receiving_yards,18.66481554365443,,
00-0040954,Omari Evans,KC,MIA,WR,wr_te_receiving_yards,18.66481554365443,,
00-0040955,John Michael Gyllenborg,KC,MIA,TE,wr_te_receiving_yards,18.66481554365443,,
00-0040970,Michael Briscoe,MIN,TB,WR,wr_te_receiving_yards,17.39250622156189,,
00-0040986,Ty Pezza,BAL,DAL,WR,wr_te_receiving_yards,18.705386745994396,,
00-0041005,Corey Rucker,LV,NO,WR,wr_te_receiving_yards,17.480813663762603,,
00-0041011,E.J. Williams Jr.,CAR,CLE,WR,wr_te_receiving_yards,17.39250622156189,,
00-0041016,Patrick Gurd,LV,NO,TE,wr_te_receiving_yards,17.480813663762603,,
00-0041029,Jordyn Tyson,NO,LV,WR,wr_te_receiving_yards,33.91801010526437,,
00-0041032,Kenyon Sadiq,NYJ,DET,TE,wr_te_receiving_yards,35.773558514459296,,
00-0041035,De'Zhaun Stribling,SF,ARI,WR,wr_te_receiving_yards,34.78077774368579,,
00-0041037,Denzel Boston,CLE,CAR,WR,wr_te_receiving_yards,55.046231495660194,,
00-0041040,Antonio Williams,WAS,SEA,WR,wr_te_receiving_yards,31.993569946540223,,
00-0041041,Oscar Delp,NO,LV,TE,wr_te_receiving_yards,25.08285211143362,,
00-0041042,Malachi Fields,NYG,TEN,WR,wr_te_receiving_yards,32.82141629330834,,
00-0041044,Zachariah Branch,ATL,GB,WR,wr_te_receiving_yards,27.71248531932086,,
00-0041047,Chris Brazzell II,CAR,CLE,WR,wr_te_receiving_yards,23.904819392309687,,
00-0041048,Ted Hurst III,TB,MIN,WR,wr_te_receiving_yards,37.498522081546895,,
00-0041051,Zavion Thomas,CHI,PHI,WR,wr_te_receiving_yards,23.250461116974243,,
00-0041067,Bryce Lance,NO,LV,WR,wr_te_receiving_yards,26.46220975126121,,
00-0041069,Colbie Young,CIN,PIT,WR,wr_te_receiving_yards,23.00913256620549,,
00-0041070,Reggie Virgil,ARI,SF,WR,wr_te_receiving_yards,21.9351062715565,,
00-0041077,Justin Joly,MIA,KC,TE,wr_te_receiving_yards,21.31287415325633,,
00-0041084,Tanner Koziol,JAX,NE,TE,wr_te_receiving_yards,21.767681277606535,,
00-0041087,Joe Royer,CLE,CAR,TE,wr_te_receiving_yards,19.524013897444426,,
00-0041094,Bauer Sharp,TB,MIN,TE,wr_te_receiving_yards,19.29496526638303,,
00-0041099,Barion Brown,NO,LV,WR,wr_te_receiving_yards,25.520276116064323,,
00-0041100,Josh Cameron,JAX,NE,WR,wr_te_receiving_yards,27.334117582895438,,
00-0041106,C.J. Williams,JAX,NE,WR,wr_te_receiving_yards,19.363427192687148,,
00-0041116,Jack Endries,CIN,PIT,TE,wr_te_receiving_yards,17.68695355496632,,
00-0041131,Carsen Ryan,CLE,CAR,TE,wr_te_receiving_yards,17.39250622156189,,
00-0041132,Deion Burks,IND,HOU,WR,wr_te_receiving_yards,24.89420927230781,,
00-0041133,Dallen Bentley,DEN,LA,TE,wr_te_receiving_yards,18.103726303424722,,
00-0041170,Hayden Large,CHI,PHI,TE,wr_te_receiving_yards,17.19295507057665,,
00-0041176,Jaden Bradley,WAS,SEA,WR,wr_te_receiving_yards,17.19295507057665,,
00-0041185,Vinny Anthony II,ATL,GB,WR,wr_te_receiving_yards,17.39250622156189,,
00-0041195,Jack Velling,ATL,GB,TE,wr_te_receiving_yards,17.39250622156189,,
00-0041206,Alex Bullock,JAX,NE,WR,wr_te_receiving_yards,18.103726303424722,,
00-0041216,Trebor Pena,JAX,NE,WR,wr_te_receiving_yards,18.103726303424722,,
00-0041220,Michael Wortham,JAX,NE,WR,wr_te_receiving_yards,18.103726303424722,,
00-0041248,Noah Thomas,CIN,PIT,WR,wr_te_receiving_yards,17.39250622156189,,
00-0041252,Kenny Fletcher Jr.,IND,HOU,TE,wr_te_receiving_yards,17.39250622156189,,
00-0041257,Eric Rivers Jr.,TB,MIN,WR,wr_te_receiving_yards,17.39250622156189,,
00-0041263,Lake McRee,PIT,CIN,TE,wr_te_receiving_yards,17.39250622156189,,
00-0041265,Squirrel White,CHI,PHI,WR,wr_te_receiving_yards,17.19295507057665,,
00-0041267,Malik McClain,NYJ,DET,WR,wr_te_receiving_yards,18.3594587395754,,
00-0041272,Ja'Mori Maclin,BUF,LAC,WR,wr_te_receiving_yards,18.649257783632017,,
00-0041292,Kolbe Katsis,DEN,LA,WR,wr_te_receiving_yards,18.103726303424722,,
00-0041293,Dane Key,DEN,LA,WR,wr_te_receiving_yards,18.103726303424722,,
00-0041309,Daniel Sobkowicz,HOU,IND,WR,wr_te_receiving_yards,17.39250622156189,,
00-0041314,Tanner Arkin,NE,JAX,TE,wr_te_receiving_yards,18.103726303424722,,
00-0041318,Kyle Dixon,NE,JAX,WR,wr_te_receiving_yards,18.103726303424722,,
00-0041319,Cameron Dorner,NE,JAX,WR,wr_te_receiving_yards,18.103726303424722,,
00-0041342,Dillon Bell,MIN,TB,WR,wr_te_receiving_yards,17.39250622156189,,
00-0041357,Khalil Dinkins,SF,ARI,TE,wr_te_receiving_yards,18.271151297374686,,
00-0041359,Wesley Grimes,SF,ARI,WR,wr_te_receiving_yards,18.271151297374686,,
00-0041361,Will Pauling,SF,ARI,WR,wr_te_receiving_yards,18.271151297374686,,
00-0041366,Jameson Geers,ARI,SF,TE,wr_te_receiving_yards,18.271151297374686,,
00-0041368,Harrison Wallace III,ARI,SF,WR,wr_te_receiving_yards,18.271151297374686,,
00-0041384,Evan Svoboda,LAC,BUF,TE,wr_te_receiving_yards,18.705386745994396,,
00-0041395,Eli Raridon,NE,JAX,TE,wr_te_receiving_yards,25.622401628153806,,
00-0041397,Kaden Wetjen,PIT,CIN,WR,wr_te_receiving_yards,20.48648173821788,,
00-0041399,CJ Daniels,LA,DEN,WR,wr_te_receiving_yards,20.00618534824586,,
00-0041422,Dan Villari,LA,DEN,TE,wr_te_receiving_yards,18.103726303424722,,
00-0041435,Dean Patterson IV,TB,MIN,WR,wr_te_receiving_yards,17.39250622156189,,
00-0041438,Carnell Tate,TEN,NYG,WR,wr_te_receiving_yards,44.28239618997003,,
00-0041443,Skyler Bell,BUF,LAC,WR,wr_te_receiving_yards,22.08768127703862,,
00-0041446,Kendrick Law,DET,NYJ,WR,wr_te_receiving_yards,20.502025073755185,,
00-0041451,Brock Rechsteiner,NO,LV,WR,wr_te_receiving_yards,17.480813663762603,,
00-0041467,Lewis Bond,HOU,IND,WR,wr_te_receiving_yards,18.652207110824317,,
00-0041472,Marlin Klein,HOU,IND,TE,wr_te_receiving_yards,27.373816706687357,,
00-0041475,Trayvon Rudolph,MIN,TB,WR,wr_te_receiving_yards,17.39250622156189,,
00-0041483,Eli Stowers,PHI,CHI,TE,wr_te_receiving_yards,28.880692964984082,,
00-0041489,Germie Bernard,PIT,CIN,WR,wr_te_receiving_yards,36.25667827333795,,
00-0041503,Nate Boerkircher,JAX,NE,TE,wr_te_receiving_yards,31.587359615180237,,
00-0041510,Max Klare,LA,DEN,TE,wr_te_receiving_yards,28.47369770954088,,
00-0041511,Omar Cooper Jr.,NYJ,DET,WR,wr_te_receiving_yards,38.469065922010294,,
00-0041523,Caleb Douglas,MIA,KC,WR,wr_te_receiving_yards,60.817214495279494,,
00-0041524,Will Kacmarek,MIA,KC,TE,wr_te_receiving_yards,27.96315701709258,,
00-0041525,Chris Bell,MIA,KC,WR,wr_te_receiving_yards,24.141925791015016,,
00-0041529,Kevin Coleman Jr.,MIA,KC,WR,wr_te_receiving_yards,26.83053284437734,,
00-0041547,KC Concepcion,CLE,CAR,WR,wr_te_receiving_yards,41.87501659070354,,
00-0041550,Brenen Thompson,LAC,BUF,WR,wr_te_receiving_yards,30.909648645317993,,
00-0041558,Sam Roush,CHI,PHI,TE,wr_te_receiving_yards,28.81878553564673,,
00-0041579,Seydou Traore,MIA,KC,TE,wr_te_receiving_yards,19.551378223895657,,
00-0029892,Kyle Juszczyk,SF,ARI,RB,rb_rushing_yards,,29.543366079426722,
00-0031595,Michael Burton,CLE,CAR,RB,rb_rushing_yards,,21.802088288544983,
00-0032104,Ameer Abdullah,JAX,NE,RB,rb_rushing_yards,,28.80910274117635,
00-0032764,Derrick Henry,BAL,DAL,RB,rb_rushing_yards,,89.8353532080927,
00-0032918,C.J. Ham,MIN,TB,RB,rb_rushing_yards,,21.33196301383289,
00-0033280,Christian McCaffrey,SF,ARI,RB,rb_rushing_yards,,68.7804397073467,
00-0033293,Aaron Jones,MIN,TB,RB,rb_rushing_yards,,60.869396085891445,
00-0033376,Patrick Ricard,NYG,TEN,RB,rb_rushing_yards,,29.271056351268893,
00-0033526,Samaje Perine,CIN,PIT,RB,rb_rushing_yards,,25.3393075245708,
00-0033553,James Conner,ARI,SF,RB,rb_rushing_yards,,27.838063858135154,
00-0033854,Dare Ogunbowale,LV,NO,RB,rb_rushing_yards,,21.33196301383289,
00-0033906,Alvin Kamara,NO,LV,RB,rb_rushing_yards,,33.270633879973275,
00-0033955,Jeremy McNichols,WAS,SEA,RB,rb_rushing_yards,,22.444435781628815,
00-0034844,Saquon Barkley,PHI,CHI,RB,rb_rushing_yards,,56.22469069157785,
00-0034959,Andrew Beck,NYJ,DET,RB,rb_rushing_yards,,21.33196301383289,
00-0034975,Justice Hill,BAL,DAL,RB,rb_rushing_yards,,26.810607650080307,
00-0035125,Alec Ingold,LAC,BUF,RB,rb_rushing_yards,,21.33196301383289,
00-0035250,Devin Singletary,NYG,TEN,RB,rb_rushing_yards,,30.076131777093444,
00-0035261,Tony Pollard,TEN,NYG,RB,rb_rushing_yards,,44.867891687785786,
00-0035537,Ty Johnson,BUF,LAC,RB,rb_rushing_yards,,20.56850827431951,
00-0035567,Craig Reynolds,WAS,SEA,RB,rb_rushing_yards,,21.33196301383289,
00-0035594,Travis Homer,PIT,CIN,RB,rb_rushing_yards,,20.16885888476034,
00-0035685,David Montgomery,HOU,IND,RB,rb_rushing_yards,,42.30657999735559,
00-0035700,Josh Jacobs,GB,ATL,RB,rb_rushing_yards,,51.53137710369347,
00-0035924,Jonathan Ward,BAL,DAL,RB,rb_rushing_yards,,20.278892730459106,
00-0036020,Salvon Ahmed,CHI,PHI,RB,rb_rushing_yards,,21.33196301383289,
00-0036139,Rico Dowdle,PIT,CIN,RB,rb_rushing_yards,,25.122029825728696,
00-0036158,J.K. Dobbins,DEN,LA,RB,rb_rushing_yards,,44.475621460646614,
00-0036187,Reggie Gilliam,NE,JAX,RB,rb_rushing_yards,,21.26816570214711,
00-0036223,Jonathan Taylor,IND,HOU,RB,rb_rushing_yards,,93.80488170630548,
00-0036265,AJ Dillon,CAR,CLE,RB,rb_rushing_yards,,28.585869495621818,
00-0036275,D'Andre Swift,CHI,PHI,RB,rb_rushing_yards,,70.68296885413314,
00-0036425,DeeJay Dallas,MIN,TB,RB,rb_rushing_yards,,22.84978681991065,
00-0036555,Chuba Hubbard,CAR,CLE,RB,rb_rushing_yards,,64.46765529463183,
00-0036727,Adam Prentice,DEN,LA,RB,rb_rushing_yards,,20.25055882100879,
00-0036842,Kene Nwangwu,NYJ,DET,RB,rb_rushing_yards,,26.45969062699765,
00-0036875,Rhamondre Stevenson,NE,JAX,RB,rb_rushing_yards,,46.65142929784748,
00-0036893,Najee Harris,NYG,TEN,RB,rb_rushing_yards,,46.082362568684786,
00-0036906,Khalil Herbert,ATL,GB,RB,rb_rushing_yards,,21.33196301383289,
00-0036919,Kenny Gainwell,TB,MIN,RB,rb_rushing_yards,,26.266852541762443,
00-0036924,Michael Carter,TEN,NYG,RB,rb_rushing_yards,,27.08980141950981,
00-0036973,Travis Etienne,NO,LV,RB,rb_rushing_yards,,53.03216683402352,
00-0036984,Trey Sermon,ATL,GB,RB,rb_rushing_yards,,31.19012475910137,
00-0036997,Javonte Williams,DAL,BAL,RB,rb_rushing_yards,,58.537974536562345,
00-0037085,Tyler Badie,DEN,LA,RB,rb_rushing_yards,,21.141317140410088,
00-0037120,Tyler Goodson,DAL,BAL,RB,rb_rushing_yards,,21.33196301383289,
00-0037157,Bam Knight,ARI,SF,RB,rb_rushing_yards,,19.67775342197538,
00-0037197,Isiah Pacheco,DET,NYJ,RB,rb_rushing_yards,,22.472915424156326,
00-0037228,Jaylen Warren,PIT,CIN,RB,rb_rushing_yards,,48.61165486184989,
00-0037248,James Cook,BUF,LAC,RB,rb_rushing_yards,,63.271676065161486,
00-0037256,Rachaad White,WAS,SEA,RB,rb_rushing_yards,,30.172733339541146,
00-0037258,Dameon Pierce,PHI,CHI,RB,rb_rushing_yards,,27.941138285972844,
00-0037263,Tyler Allgeier,ARI,SF,RB,rb_rushing_yards,,48.337232781151755,
00-0037267,Jerome Ford,MIN,TB,RB,rb_rushing_yards,,23.75208793681692,
00-0037276,Ty Chandler,NO,LV,RB,rb_rushing_yards,,22.653425155008016,
00-0037304,Connor Heyward,LV,NO,RB,rb_rushing_yards,,23.52697058234922,
00-0037329,Brittain Brown,CHI,PHI,RB,rb_rushing_yards,,21.33196301383289,
00-0037509,Sincere McCormick,SF,ARI,RB,rb_rushing_yards,,22.482647926743716,
00-0037525,Jordan Mason,MIN,TB,RB,rb_rushing_yards,,48.933640859300155,
00-0037557,Ronnie Rivers,LA,DEN,RB,rb_rushing_yards,,21.70599461216053,
00-0037563,Malik Davis,DAL,BAL,RB,rb_rushing_yards,,21.33196301383289,
00-0037594,Julius Chestnut,TEN,NYG,RB,rb_rushing_yards,,21.33196301383289,
00-0037745,Velus Jones Jr.,SEA,WAS,RB,rb_rushing_yards,,33.84790266569928,
00-0037746,Brian Robinson,ATL,GB,RB,rb_rushing_yards,,28.047574754070546,
00-0037840,Kyren Williams,LA,DEN,RB,rb_rushing_yards,,59.182823273351396,
00-0038040,Zamir White,NO,LV,RB,rb_rushing_yards,,27.31102749346068,
00-0038098,Pierre Strong,GB,ATL,RB,rb_rushing_yards,,26.263269154022456,
00-0038120,Breece Hall,NYJ,DET,RB,rb_rushing_yards,,49.17626828312579,
00-0038134,Kenneth Walker III,KC,MIA,RB,rb_rushing_yards,,92.82399491186709,
00-0038389,Israel Abanikanda,DAL,BAL,RB,rb_rushing_yards,,23.75208793681692,
00-0038396,Eric Gray,CLE,CAR,RB,rb_rushing_yards,,21.802088288544983,
00-0038397,Evan Hull,ARI,SF,RB,rb_rushing_yards,,21.811820791132373,
00-0038409,Lew Nichols III,PIT,CIN,RB,rb_rushing_yards,,21.34169551642028,
00-0038440,Zavier Scott,CHI,PHI,RB,rb_rushing_yards,,21.33196301383289,
00-0038454,Keaton Mitchell,LAC,BUF,RB,rb_rushing_yards,,20.89884772939137,
00-0038488,Brady Russell,SEA,WAS,RB,rb_rushing_yards,,20.94165583737482,
00-0038489,Ben VanSumeren,KC,MIA,RB,rb_rushing_yards,,22.472915424156326,
00-0038542,Bijan Robinson,ATL,GB,RB,rb_rushing_yards,,50.769874312820924,
00-0038551,Kendre Miller,NO,LV,RB,rb_rushing_yards,,32.81262897450919,
00-0038555,Tank Bigsby,PHI,CHI,RB,rb_rushing_yards,,30.844209545120936,
00-0038597,Chase Brown,CIN,PIT,RB,rb_rushing_yards,,55.76784736792089,
00-0038611,Chris Rodriguez Jr.,JAX,NE,RB,rb_rushing_yards,,26.425040809886188,
00-0038614,Scott Matlock,LAC,BUF,RB,rb_rushing_yards,,21.33196301383289,
00-0038685,Chris Brooks,GB,ATL,RB,rb_rushing_yards,,29.544338532191702,
00-0038705,Emari Demercado,DAL,BAL,RB,rb_rushing_yards,,21.34537124170209,
00-0038738,Hunter Luepke,DAL,BAL,RB,rb_rushing_yards,,20.9844440254727,
00-0038794,Jaleel McLaughlin,CLE,CAR,RB,rb_rushing_yards,,20.724391443593824,
00-0038797,Emanuel Wilson,SEA,WAS,RB,rb_rushing_yards,,30.190470936241717,
00-0038896,Jacob Saylors,DET,NYJ,RB,rb_rushing_yards,,22.472915424156326,
00-0038930,Carlos Washington,MIA,KC,RB,rb_rushing_yards,,21.33196301383289,
00-0038951,Sean Tucker,TB,MIN,RB,rb_rushing_yards,,21.33196301383289,
00-0039021,Roschon Johnson,CHI,PHI,RB,rb_rushing_yards,,26.45969062699765,
00-0039032,Tyjae Spears,TEN,NYG,RB,rb_rushing_yards,,31.912371300935124,
00-0039040,De'Von Achane,MIA,KC,RB,rb_rushing_yards,,55.5750974831257,
00-0039139,Jahmyr Gibbs,DET,NYJ,RB,rb_rushing_yards,,83.04781298657961,
00-0039165,Zach Charbonnet,SEA,WAS,RB,rb_rushing_yards,,38.53375262280716,
00-0039244,Chris Collier,LV,NO,RB,rb_rushing_yards,,21.33196301383289,
00-0039266,Kendall Milton,CIN,PIT,RB,rb_rushing_yards,,22.193032382883313,
00-0039299,George Holani,SEA,WAS,RB,rb_rushing_yards,,24.876838950296836,
00-0039325,Carson Steele,PHI,CHI,RB,rb_rushing_yards,,22.183299880295923,
00-0039344,Jonathon Brooks,CAR,CLE,RB,rb_rushing_yards,,44.81016474749534,
00-0039361,Bucky Irving,TB,MIN,RB,rb_rushing_yards,,58.55593215088095,
00-0039363,Isaac Guerendo,SF,ARI,RB,rb_rushing_yards,,26.273001656609846,
00-0039364,Sione Vaki,DET,NYJ,RB,rb_rushing_yards,,25.431012649060136,
00-0039373,Audric Estimé,NO,LV,RB,rb_rushing_yards,,24.603424803279953,
00-0039384,Tyrone Tracy Jr.,NYG,TEN,RB,rb_rushing_yards,,19.96139505283756,
00-0039391,Kimani Vidal,LAC,BUF,RB,rb_rushing_yards,,21.33196301383289,
00-0039405,Jawhar Jordan,HOU,IND,RB,rb_rushing_yards,,21.34169551642028,
00-0039407,Dylan Laube,LV,NO,RB,rb_rushing_yards,,21.33196301383289,
00-0039471,Frank Gore Jr.,BUF,LAC,RB,rb_rushing_yards,,18.883941834830974,
00-0039603,British Brooks,HOU,IND,RB,rb_rushing_yards,,21.34169551642028,
00-0039652,Jabari Small,DET,NYJ,RB,rb_rushing_yards,,22.472915424156326,
00-0039703,Cody Schrader,DEN,LA,RB,rb_rushing_yards,,21.33196301383289,
00-0039738,Blake Corum,LA,DEN,RB,rb_rushing_yards,,39.035927481532774,
00-0039746,Will Shipley,PHI,CHI,RB,rb_rushing_yards,,27.492874181264202,
00-0039794,Braelon Allen,NYJ,DET,RB,rb_rushing_yards,,31.081820484050947,
00-0039796,Rasheen Ali,BAL,DAL,RB,rb_rushing_yards,,20.749018005171198,
00-0039798,Isaiah Davis,NYJ,DET,RB,rb_rushing_yards,,21.802088288544983,
00-0039811,MarShawn Lloyd,GB,ATL,RB,rb_rushing_yards,,23.477595615245615,
00-0039874,Jaylen Wright,MIA,KC,RB,rb_rushing_yards,,25.37797192511972,
00-0039875,Ray Davis,BUF,LAC,RB,rb_rushing_yards,,22.674295564697104,
00-0039921,Trey Benson,ARI,SF,RB,rb_rushing_yards,,33.66523898550514,
00-0040021,Phil Mafah,NYG,TEN,RB,rb_rushing_yards,,21.33196301383289,
00-0040039,Amar Johnson,LAC,BUF,RB,rb_rushing_yards,,21.33196301383289,
00-0040067,Jacardia Wright,SEA,WAS,RB,rb_rushing_yards,,22.472915424156326,
00-0040078,Brashard Smith,KC,MIA,RB,rb_rushing_yards,,22.472915424156326,
00-0040122,Ashton Jeanty,LV,NO,RB,rb_rushing_yards,,65.91079958521568,
00-0040142,Kaleb Johnson,GB,ATL,RB,rb_rushing_yards,,30.362510923003324,
00-0040162,Dylan Sampson,CLE,CAR,RB,rb_rushing_yards,,26.45969062699765,
00-0040177,Jordan James,SF,ARI,RB,rb_rushing_yards,,22.98051501461132,
00-0040179,DJ Giddens,IND,HOU,RB,rb_rushing_yards,,23.76182043940431,
00-0040198,Ollie Gordon II,MIA,KC,RB,rb_rushing_yards,,20.792197605915923,
00-0040205,Kalel Mullings,TEN,NYG,RB,rb_rushing_yards,,21.33196301383289,
00-0040208,Tahj Brooks,CIN,PIT,RB,rb_rushing_yards,,22.193032382883313,
00-0040236,Kyle Monangai,CHI,PHI,RB,rb_rushing_yards,,43.38590385023014,
00-0040238,LeQuint Allen Jr.,JAX,NE,RB,rb_rushing_yards,,19.25652808157345,
00-0040242,Jacory Croskey-Merritt,WAS,SEA,RB,rb_rushing_yards,,34.79757635426061,
00-0040260,Ahmani Marshall,CAR,CLE,RB,rb_rushing_yards,,21.33196301383289,
00-0040394,Anthony Tyus III,CAR,CLE,RB,rb_rushing_yards,,21.33196301383289,
00-0040429,Josh Williams,TB,MIN,RB,rb_rushing_yards,,21.33196301383289,
00-0040466,Raheim Sanders,CLE,CAR,RB,rb_rushing_yards,,20.600236660146077,
00-0040547,Nate Carter,KC,MIA,RB,rb_rushing_yards,,22.472915424156326,
00-0040556,Corey Kiner,NE,JAX,RB,rb_rushing_yards,,21.904891431435924,
00-0040567,Brock Lampe,BUF,LAC,RB,rb_rushing_yards,,20.56850827431951,
00-0040568,Lan Larison,NE,JAX,RB,rb_rushing_yards,,20.47706472032437,
00-0040583,Woody Marks,HOU,IND,RB,rb_rushing_yards,,29.86523779449895,
00-0040586,Jaydon Blue,PHI,CHI,RB,rb_rushing_yards,,24.603424803279953,
00-0040601,Jordan Waters,LA,DEN,RB,rb_rushing_yards,,21.33196301383289,
00-0040644,Trevor Etienne,CAR,CLE,RB,rb_rushing_yards,,26.45969062699765,
00-0040649,Robbie Ouzts,SEA,WAS,RB,rb_rushing_yards,,22.94304069886842,
00-0040666,Omarion Hampton,LAC,BUF,RB,rb_rushing_yards,,56.573822889889556,
00-0040692,Jarquez Hunter,MIA,KC,RB,rb_rushing_yards,,26.45969062699765,
00-0040715,Cam Skattebo,NYG,TEN,RB,rb_rushing_yards,,60.79687729230624,
00-0040719,Bhayshul Tuten,JAX,NE,RB,rb_rushing_yards,,52.14128963718145,
00-0040730,RJ Harvey,DEN,LA,RB,rb_rushing_yards,,38.42165282666325,
00-0040734,TreVeyon Henderson,NE,JAX,RB,rb_rushing_yards,,58.15108793102248,
00-0040784,Quinshon Judkins,CLE,CAR,RB,rb_rushing_yards,,46.077125596554936,
00-0040878,Mike Washington Jr.,LV,NO,RB,rb_rushing_yards,,24.384839786072135,
00-0040886,Nicholas Singleton,TEN,NYG,RB,rb_rushing_yards,,20.63240446558186,
00-0040888,Adam Randall,BAL,DAL,RB,rb_rushing_yards,,20.749018005171198,
00-0040959,Jaydn Ott,KC,MIA,RB,rb_rushing_yards,,22.472915424156326,
00-0040998,Roman Hemby,LV,NO,RB,rb_rushing_yards,,21.33196301383289,
00-0041013,Emmett Johnson,KC,MIA,RB,rb_rushing_yards,,24.500423230888345,
00-0041027,Jeremiyah Love,ARI,SF,RB,rb_rushing_yards,,49.872212951998236,
00-0041052,Kaelon Black,SF,ARI,RB,rb_rushing_yards,,34.55548856903969,
00-0041081,Max Bredeson,MIN,TB,RB,rb_rushing_yards,,23.75208793681692,
00-0041096,Kaytron Allen,WAS,SEA,RB,rb_rushing_yards,,24.058777344570267,
00-0041104,Demond Claiborne,MIN,TB,RB,rb_rushing_yards,,22.252102150012675,
00-0041125,Seth McGowan,IND,HOU,RB,rb_rushing_yards,,21.25374668970402,
00-0041139,Damon Bankston,GB,ATL,RB,rb_rushing_yards,,22.472915424156326,
00-0041161,Le'Veon Moss,MIA,KC,RB,rb_rushing_yards,,21.33196301383289,
00-0041178,Robert Henry Jr.,WAS,SEA,RB,rb_rushing_yards,,21.33196301383289,
00-0041191,Cash Jones,ATL,GB,RB,rb_rushing_yards,,21.33196301383289,
00-0041217,J'Mari Taylor,JAX,NE,RB,rb_rushing_yards,,21.33196301383289,
00-0041239,Chip Trayanum,NYJ,DET,RB,rb_rushing_yards,,21.33196301383289,
00-0041241,Kentrel Bullock,CIN,PIT,RB,rb_rushing_yards,,22.193032382883313,
00-0041277,Davon Booth,IND,HOU,RB,rb_rushing_yards,,21.34169551642028,
00-0041312,Noah Whittington,HOU,IND,RB,rb_rushing_yards,,21.34169551642028,
00-0041323,Myles Montgomery,NE,JAX,RB,rb_rushing_yards,,21.33196301383289,
00-0041326,CJ Donaldson,NO,LV,RB,rb_rushing_yards,,21.38925737962502,
00-0041376,Gregory Desrosiers,LAC,BUF,RB,rb_rushing_yards,,21.33196301383289,
00-0041398,Riley Nowakowski,PIT,CIN,RB,rb_rushing_yards,,21.811820791132373,
00-0041415,Dean Connors,LA,DEN,RB,rb_rushing_yards,,21.33196301383289,
00-0041436,DJ Herman,MIA,KC,RB,rb_rushing_yards,,19.800703427051385,
00-0041486,Anderson Castle,IND,HOU,RB,rb_rushing_yards,,21.34169551642028,
00-0041490,Eli Heidenreich,PIT,CIN,RB,rb_rushing_yards,,21.34169551642028,
00-0041496,Jonah Coleman,DEN,LA,RB,rb_rushing_yards,,44.21278500957079,
00-0041512,Jadarian Price,SEA,WAS,RB,rb_rushing_yards,,41.180346269348824,
00-0041585,Grant Finley,NYG,TEN,RB,rb_rushing_yards,,21.33196301383289,
00-0029892,Kyle Juszczyk,SF,ARI,RB,rb_fantasy_points_ppr,,,9.406118716134905
00-0031595,Michael Burton,CLE,CAR,RB,rb_fantasy_points_ppr,,,5.528226355436702
00-0032104,Ameer Abdullah,JAX,NE,RB,rb_fantasy_points_ppr,,,7.3527704303677766
00-0032764,Derrick Henry,BAL,DAL,RB,rb_fantasy_points_ppr,,,18.544430150833506
00-0032918,C.J. Ham,MIN,TB,RB,rb_fantasy_points_ppr,,,5.2510789976573555
00-0033280,Christian McCaffrey,SF,ARI,RB,rb_fantasy_points_ppr,,,19.20394874947706
00-0033293,Aaron Jones,MIN,TB,RB,rb_fantasy_points_ppr,,,10.494340923129345
00-0033376,Patrick Ricard,NYG,TEN,RB,rb_fantasy_points_ppr,,,8.265166779166414
00-0033526,Samaje Perine,CIN,PIT,RB,rb_fantasy_points_ppr,,,7.439118530001147
00-0033553,James Conner,ARI,SF,RB,rb_fantasy_points_ppr,,,8.675027363555348
00-0033854,Dare Ogunbowale,LV,NO,RB,rb_fantasy_points_ppr,,,4.968712999414617
00-0033906,Alvin Kamara,NO,LV,RB,rb_fantasy_points_ppr,,,9.011284968653156
00-0033955,Jeremy McNichols,WAS,SEA,RB,rb_fantasy_points_ppr,,,8.10893779289618
00-0034844,Saquon Barkley,PHI,CHI,RB,rb_fantasy_points_ppr,,,12.329882954586427
00-0034959,Andrew Beck,NYJ,DET,RB,rb_fantasy_points_ppr,,,4.995761654273489
00-0034975,Justice Hill,BAL,DAL,RB,rb_fantasy_points_ppr,,,8.754050190315851
00-0035125,Alec Ingold,LAC,BUF,RB,rb_fantasy_points_ppr,,,4.995761654273489
00-0035250,Devin Singletary,NYG,TEN,RB,rb_fantasy_points_ppr,,,8.897109826296294
00-0035261,Tony Pollard,TEN,NYG,RB,rb_fantasy_points_ppr,,,8.399185889775046
00-0035537,Ty Johnson,BUF,LAC,RB,rb_fantasy_points_ppr,,,5.120133706010497
00-0035567,Craig Reynolds,WAS,SEA,RB,rb_fantasy_points_ppr,,,5.44778577607428
00-0035594,Travis Homer,PIT,CIN,RB,rb_fantasy_points_ppr,,,5.407404948450364
00-0035685,David Montgomery,HOU,IND,RB,rb_fantasy_points_ppr,,,10.54300209590505
00-0035700,Josh Jacobs,GB,ATL,RB,rb_fantasy_points_ppr,,,10.881612349110997
00-0035924,Jonathan Ward,BAL,DAL,RB,rb_fantasy_points_ppr,,,4.556881510846189
00-0036020,Salvon Ahmed,CHI,PHI,RB,rb_fantasy_points_ppr,,,5.2510789976573555
00-0036139,Rico Dowdle,PIT,CIN,RB,rb_fantasy_points_ppr,,,8.557578107152471
00-0036158,J.K. Dobbins,DEN,LA,RB,rb_fantasy_points_ppr,,,8.598849769888353
00-0036187,Reggie Gilliam,NE,JAX,RB,rb_fantasy_points_ppr,,,5.981043566020253
00-0036223,Jonathan Taylor,IND,HOU,RB,rb_fantasy_points_ppr,,,18.335145939228056
00-0036265,AJ Dillon,CAR,CLE,RB,rb_fantasy_points_ppr,,,6.909246799966679
00-0036275,D'Andre Swift,CHI,PHI,RB,rb_fantasy_points_ppr,,,14.665727095719364
00-0036425,DeeJay Dallas,MIN,TB,RB,rb_fantasy_points_ppr,,,6.9989881900293
00-0036555,Chuba Hubbard,CAR,CLE,RB,rb_fantasy_points_ppr,,,14.445737217635832
00-0036727,Adam Prentice,DEN,LA,RB,rb_fantasy_points_ppr,,,5.182707596025045
00-0036842,Kene Nwangwu,NYJ,DET,RB,rb_fantasy_points_ppr,,,7.65691367109539
00-0036875,Rhamondre Stevenson,NE,JAX,RB,rb_fantasy_points_ppr,,,9.494249548823573
00-0036893,Najee Harris,NYG,TEN,RB,rb_fantasy_points_ppr,,,8.966753826345261
00-0036906,Khalil Herbert,ATL,GB,RB,rb_fantasy_points_ppr,,,5.283825973125275
00-0036919,Kenny Gainwell,TB,MIN,RB,rb_fantasy_points_ppr,,,7.267865470606148
00-0036924,Michael Carter,TEN,NYG,RB,rb_fantasy_points_ppr,,,7.96493257781761
00-0036973,Travis Etienne,NO,LV,RB,rb_fantasy_points_ppr,,,12.840297341251917
00-0036984,Trey Sermon,ATL,GB,RB,rb_fantasy_points_ppr,,,8.675027363555348
00-0036997,Javonte Williams,DAL,BAL,RB,rb_fantasy_points_ppr,,,15.160056923497688
00-0037085,Tyler Badie,DEN,LA,RB,rb_fantasy_points_ppr,,,5.914250644269539
00-0037120,Tyler Goodson,DAL,BAL,RB,rb_fantasy_points_ppr,,,4.617699657717461
00-0037157,Bam Knight,ARI,SF,RB,rb_fantasy_points_ppr,,,5.375648976370477
00-0037197,Isiah Pacheco,DET,NYJ,RB,rb_fantasy_points_ppr,,,5.120133706010497
00-0037228,Jaylen Warren,PIT,CIN,RB,rb_fantasy_points_ppr,,,9.396684646275698
00-0037248,James Cook,BUF,LAC,RB,rb_fantasy_points_ppr,,,16.910673675229237
00-0037256,Rachaad White,WAS,SEA,RB,rb_fantasy_points_ppr,,,9.514853156410771
00-0037258,Dameon Pierce,PHI,CHI,RB,rb_fantasy_points_ppr,,,8.377368948406398
00-0037263,Tyler Allgeier,ARI,SF,RB,rb_fantasy_points_ppr,,,10.84726512022114
00-0037267,Jerome Ford,MIN,TB,RB,rb_fantasy_points_ppr,,,7.912231014479257
00-0037276,Ty Chandler,NO,LV,RB,rb_fantasy_points_ppr,,,5.370232408930972
00-0037304,Connor Heyward,LV,NO,RB,rb_fantasy_points_ppr,,,6.9438340112376995
00-0037329,Brittain Brown,CHI,PHI,RB,rb_fantasy_points_ppr,,,5.2510789976573555
00-0037509,Sincere McCormick,SF,ARI,RB,rb_fantasy_points_ppr,,,5.408198024862283
00-0037525,Jordan Mason,MIN,TB,RB,rb_fantasy_points_ppr,,,10.143421185247934
00-0037557,Ronnie Rivers,LA,DEN,RB,rb_fantasy_points_ppr,,,4.974417367344467
00-0037563,Malik Davis,DAL,BAL,RB,rb_fantasy_points_ppr,,,4.617699657717461
00-0037594,Julius Chestnut,TEN,NYG,RB,rb_fantasy_points_ppr,,,4.963014678805569
00-0037745,Velus Jones Jr.,SEA,WAS,RB,rb_fantasy_points_ppr,,,9.05274056627312
00-0037746,Brian Robinson,ATL,GB,RB,rb_fantasy_points_ppr,,,8.576008358821978
00-0037840,Kyren Williams,LA,DEN,RB,rb_fantasy_points_ppr,,,12.198564512132855
00-0038040,Zamir White,NO,LV,RB,rb_fantasy_points_ppr,,,7.754237067973525
00-0038098,Pierre Strong,GB,ATL,RB,rb_fantasy_points_ppr,,,8.069350041684178
00-0038120,Breece Hall,NYJ,DET,RB,rb_fantasy_points_ppr,,,14.237737782177712
00-0038134,Kenneth Walker III,KC,MIA,RB,rb_fantasy_points_ppr,,,18.929958252045097
00-0038389,Israel Abanikanda,DAL,BAL,RB,rb_fantasy_points_ppr,,,7.2788516745393625
00-0038396,Eric Gray,CLE,CAR,RB,rb_fantasy_points_ppr,,,5.528226355436702
00-0038397,Evan Hull,ARI,SF,RB,rb_fantasy_points_ppr,,,5.560973330904622
00-0038409,Lew Nichols III,PIT,CIN,RB,rb_fantasy_points_ppr,,,5.2510789976573555
00-0038440,Zavier Scott,CHI,PHI,RB,rb_fantasy_points_ppr,,,5.2510789976573555
00-0038454,Keaton Mitchell,LAC,BUF,RB,rb_fantasy_points_ppr,,,5.41327938930135
00-0038488,Brady Russell,SEA,WAS,RB,rb_fantasy_points_ppr,,,6.124837476363372
00-0038489,Ben VanSumeren,KC,MIA,RB,rb_fantasy_points_ppr,,,5.704405569760466
00-0038542,Bijan Robinson,ATL,GB,RB,rb_fantasy_points_ppr,,,14.534746300479098
00-0038551,Kendre Miller,NO,LV,RB,rb_fantasy_points_ppr,,,8.453764901873802
00-0038555,Tank Bigsby,PHI,CHI,RB,rb_fantasy_points_ppr,,,8.584685204273056
00-0038597,Chase Brown,CIN,PIT,RB,rb_fantasy_points_ppr,,,11.674683540153191
00-0038611,Chris Rodriguez Jr.,JAX,NE,RB,rb_fantasy_points_ppr,,,5.7750368817335485
00-0038614,Scott Matlock,LAC,BUF,RB,rb_fantasy_points_ppr,,,4.995761654273489
00-0038685,Chris Brooks,GB,ATL,RB,rb_fantasy_points_ppr,,,8.246837318949611
00-0038705,Emari Demercado,DAL,BAL,RB,rb_fantasy_points_ppr,,,4.8727169457656165
00-0038738,Hunter Luepke,DAL,BAL,RB,rb_fantasy_points_ppr,,,5.400044673913291
00-0038794,Jaleel McLaughlin,CLE,CAR,RB,rb_fantasy_points_ppr,,,5.182707596025045
00-0038797,Emanuel Wilson,SEA,WAS,RB,rb_fantasy_points_ppr,,,6.5434902095036795
00-0038896,Jacob Saylors,DET,NYJ,RB,rb_fantasy_points_ppr,,,5.120133706010497
00-0038930,Carlos Washington,MIA,KC,RB,rb_fantasy_points_ppr,,,5.580033518023457
00-0038951,Sean Tucker,TB,MIN,RB,rb_fantasy_points_ppr,,,5.2510789976573555
00-0039021,Roschon Johnson,CHI,PHI,RB,rb_fantasy_points_ppr,,,7.912231014479257
00-0039032,Tyjae Spears,TEN,NYG,RB,rb_fantasy_points_ppr,,,10.440302998218932
00-0039040,De'Von Achane,MIA,KC,RB,rb_fantasy_points_ppr,,,13.055432447771903
00-0039139,Jahmyr Gibbs,DET,NYJ,RB,rb_fantasy_points_ppr,,,18.77386877766919
00-0039165,Zach Charbonnet,SEA,WAS,RB,rb_fantasy_points_ppr,,,9.082268409626232
00-0039244,Chris Collier,LV,NO,RB,rb_fantasy_points_ppr,,,4.968712999414617
00-0039266,Kendall Milton,CIN,PIT,RB,rb_fantasy_points_ppr,,,5.375451049394364
00-0039299,George Holani,SEA,WAS,RB,rb_fantasy_points_ppr,,,6.374394525530215
00-0039325,Carson Steele,PHI,CHI,RB,rb_fantasy_points_ppr,,,5.375451049394364
00-0039344,Jonathon Brooks,CAR,CLE,RB,rb_fantasy_points_ppr,,,10.169653035992987
00-0039361,Bucky Irving,TB,MIN,RB,rb_fantasy_points_ppr,,,10.884514365185213
00-0039363,Isaac Guerendo,SF,ARI,RB,rb_fantasy_points_ppr,,,8.069350041684178
00-0039364,Sione Vaki,DET,NYJ,RB,rb_fantasy_points_ppr,,,7.668493455832141
00-0039373,Audric Estimé,NO,LV,RB,rb_fantasy_points_ppr,,,7.754237067973525
00-0039384,Tyrone Tracy Jr.,NYG,TEN,RB,rb_fantasy_points_ppr,,,5.1881977586973465
00-0039391,Kimani Vidal,LAC,BUF,RB,rb_fantasy_points_ppr,,,4.995761654273489
00-0039405,Jawhar Jordan,HOU,IND,RB,rb_fantasy_points_ppr,,,4.963014678805569
00-0039407,Dylan Laube,LV,NO,RB,rb_fantasy_points_ppr,,,4.968712999414617
00-0039471,Frank Gore Jr.,BUF,LAC,RB,rb_fantasy_points_ppr,,,5.547034978292634
00-0039603,British Brooks,HOU,IND,RB,rb_fantasy_points_ppr,,,4.963014678805569
00-0039652,Jabari Small,DET,NYJ,RB,rb_fantasy_points_ppr,,,5.120133706010497
00-0039703,Cody Schrader,DEN,LA,RB,rb_fantasy_points_ppr,,,5.2510789976573555
00-0039738,Blake Corum,LA,DEN,RB,rb_fantasy_points_ppr,,,10.176002287058457
00-0039746,Will Shipley,PHI,CHI,RB,rb_fantasy_points_ppr,,,7.39898360137599
00-0039794,Braelon Allen,NYJ,DET,RB,rb_fantasy_points_ppr,,,9.311943883267128
00-0039796,Rasheen Ali,BAL,DAL,RB,rb_fantasy_points_ppr,,,4.834028868625536
00-0039798,Isaiah Davis,NYJ,DET,RB,rb_fantasy_points_ppr,,,5.2729090120528355
00-0039811,MarShawn Lloyd,GB,ATL,RB,rb_fantasy_points_ppr,,,8.835399438312075
00-0039874,Jaylen Wright,MIA,KC,RB,rb_fantasy_points_ppr,,,7.451400659438803
00-0039875,Ray Davis,BUF,LAC,RB,rb_fantasy_points_ppr,,,7.264624235041739
00-0039921,Trey Benson,ARI,SF,RB,rb_fantasy_points_ppr,,,8.75521709352262
00-0040021,Phil Mafah,NYG,TEN,RB,rb_fantasy_points_ppr,,,4.963014678805569
00-0040039,Amar Johnson,LAC,BUF,RB,rb_fantasy_points_ppr,,,4.995761654273489
00-0040067,Jacardia Wright,SEA,WAS,RB,rb_fantasy_points_ppr,,,5.572157827811289
00-0040078,Brashard Smith,KC,MIA,RB,rb_fantasy_points_ppr,,,5.704405569760466
00-0040122,Ashton Jeanty,LV,NO,RB,rb_fantasy_points_ppr,,,16.834182159330197
00-0040142,Kaleb Johnson,GB,ATL,RB,rb_fantasy_points_ppr,,,7.995182533624544
00-0040162,Dylan Sampson,CLE,CAR,RB,rb_fantasy_points_ppr,,,7.912231014479257
00-0040177,Jordan James,SF,ARI,RB,rb_fantasy_points_ppr,,,7.475397114641338
00-0040179,DJ Giddens,IND,HOU,RB,rb_fantasy_points_ppr,,,7.624166695627471
00-0040198,Ollie Gordon II,MIA,KC,RB,rb_fantasy_points_ppr,,,5.733811402689697
00-0040205,Kalel Mullings,TEN,NYG,RB,rb_fantasy_points_ppr,,,4.963014678805569
00-0040208,Tahj Brooks,CIN,PIT,RB,rb_fantasy_points_ppr,,,5.375451049394364
00-0040236,Kyle Monangai,CHI,PHI,RB,rb_fantasy_points_ppr,,,9.539254061588018
00-0040238,LeQuint Allen Jr.,JAX,NE,RB,rb_fantasy_points_ppr,,,5.552622096344869
00-0040242,Jacory Croskey-Merritt,WAS,SEA,RB,rb_fantasy_points_ppr,,,9.590133751332294
00-0040260,Ahmani Marshall,CAR,CLE,RB,rb_fantasy_points_ppr,,,5.2510789976573555
00-0040394,Anthony Tyus III,CAR,CLE,RB,rb_fantasy_points_ppr,,,5.2510789976573555
00-0040429,Josh Williams,TB,MIN,RB,rb_fantasy_points_ppr,,,5.2510789976573555
00-0040466,Raheim Sanders,CLE,CAR,RB,rb_fantasy_points_ppr,,,5.597599367141639
00-0040547,Nate Carter,KC,MIA,RB,rb_fantasy_points_ppr,,,5.704405569760466
00-0040556,Corey Kiner,NE,JAX,RB,rb_fantasy_points_ppr,,,5.375648976370477
00-0040567,Brock Lampe,BUF,LAC,RB,rb_fantasy_points_ppr,,,5.120133706010497
00-0040568,Lan Larison,NE,JAX,RB,rb_fantasy_points_ppr,,,5.215454571492964
00-0040583,Woody Marks,HOU,IND,RB,rb_fantasy_points_ppr,,,8.206230933829751
00-0040586,Jaydon Blue,PHI,CHI,RB,rb_fantasy_points_ppr,,,8.036603066216259
00-0040601,Jordan Waters,LA,DEN,RB,rb_fantasy_points_ppr,,,5.2510789976573555
00-0040644,Trevor Etienne,CAR,CLE,RB,rb_fantasy_points_ppr,,,7.912231014479257
00-0040649,Robbie Ouzts,SEA,WAS,RB,rb_fantasy_points_ppr,,,5.8493051855906355
00-0040666,Omarion Hampton,LAC,BUF,RB,rb_fantasy_points_ppr,,,14.714104678021979
00-0040692,Jarquez Hunter,MIA,KC,RB,rb_fantasy_points_ppr,,,8.241185534845357
00-0040715,Cam Skattebo,NYG,TEN,RB,rb_fantasy_points_ppr,,,10.23071841970516
00-0040719,Bhayshul Tuten,JAX,NE,RB,rb_fantasy_points_ppr,,,11.491024775152745
00-0040730,RJ Harvey,DEN,LA,RB,rb_fantasy_points_ppr,,,9.179087439957481
00-0040734,TreVeyon Henderson,NE,JAX,RB,rb_fantasy_points_ppr,,,13.147629289737722
00-0040784,Quinshon Judkins,CLE,CAR,RB,rb_fantasy_points_ppr,,,11.260471257281134
00-0040878,Mike Washington Jr.,LV,NO,RB,rb_fantasy_points_ppr,,,6.538434340912513
00-0040886,Nicholas Singleton,TEN,NYG,RB,rb_fantasy_points_ppr,,,5.3319850398301165
00-0040888,Adam Randall,BAL,DAL,RB,rb_fantasy_points_ppr,,,4.834028868625536
00-0040959,Jaydn Ott,KC,MIA,RB,rb_fantasy_points_ppr,,,5.704405569760466
00-0040998,Roman Hemby,LV,NO,RB,rb_fantasy_points_ppr,,,4.968712999414617
00-0041013,Emmett Johnson,KC,MIA,RB,rb_fantasy_points_ppr,,,8.796921658858315
00-0041027,Jeremiyah Love,ARI,SF,RB,rb_fantasy_points_ppr,,,12.283241784981891
00-0041052,Kaelon Black,SF,ARI,RB,rb_fantasy_points_ppr,,,8.945582571285131
00-0041081,Max Bredeson,MIN,TB,RB,rb_fantasy_points_ppr,,,7.912231014479257
00-0041096,Kaytron Allen,WAS,SEA,RB,rb_fantasy_points_ppr,,,5.593373238784171
00-0041104,Demond Claiborne,MIN,TB,RB,rb_fantasy_points_ppr,,,5.182707596025045
00-0041125,Seth McGowan,IND,HOU,RB,rb_fantasy_points_ppr,,,5.119340629598578
00-0041139,Damon Bankston,GB,ATL,RB,rb_fantasy_points_ppr,,,5.408198024862283
00-0041161,Le'Veon Moss,MIA,KC,RB,rb_fantasy_points_ppr,,,5.580033518023457
00-0041178,Robert Henry Jr.,WAS,SEA,RB,rb_fantasy_points_ppr,,,5.44778577607428
00-0041191,Cash Jones,ATL,GB,RB,rb_fantasy_points_ppr,,,5.283825973125275
00-0041217,J'Mari Taylor,JAX,NE,RB,rb_fantasy_points_ppr,,,5.303754687240996
00-0041239,Chip Trayanum,NYJ,DET,RB,rb_fantasy_points_ppr,,,4.995761654273489
00-0041241,Kentrel Bullock,CIN,PIT,RB,rb_fantasy_points_ppr,,,5.375451049394364
00-0041277,Davon Booth,IND,HOU,RB,rb_fantasy_points_ppr,,,4.963014678805569
00-0041312,Noah Whittington,HOU,IND,RB,rb_fantasy_points_ppr,,,4.963014678805569
00-0041323,Myles Montgomery,NE,JAX,RB,rb_fantasy_points_ppr,,,5.283825973125275
00-0041326,CJ Donaldson,NO,LV,RB,rb_fantasy_points_ppr,,,5.870266069392861
00-0041376,Gregory Desrosiers,LAC,BUF,RB,rb_fantasy_points_ppr,,,4.995761654273489
00-0041398,Riley Nowakowski,PIT,CIN,RB,rb_fantasy_points_ppr,,,5.528226355436702
00-0041415,Dean Connors,LA,DEN,RB,rb_fantasy_points_ppr,,,5.2510789976573555
00-0041436,DJ Herman,MIA,KC,RB,rb_fantasy_points_ppr,,,5.270059616272703
00-0041486,Anderson Castle,IND,HOU,RB,rb_fantasy_points_ppr,,,4.963014678805569
00-0041490,Eli Heidenreich,PIT,CIN,RB,rb_fantasy_points_ppr,,,5.2510789976573555
00-0041496,Jonah Coleman,DEN,LA,RB,rb_fantasy_points_ppr,,,9.87882223856907
00-0041512,Jadarian Price,SEA,WAS,RB,rb_fantasy_points_ppr,,,11.467169907856563
00-0041585,Grant Finley,NYG,TEN,RB,rb_fantasy_points_ppr,,,4.963014678805569
